MSB	LSB	PRG	NME
063	017	000	NaturalS
063	017	001	ElegantS
063	017	002	Bright S
063	017	003	Dark S
063	017	004	Intimate
063	017	005	Mono S
063	017	006	FulGrand
063	017	007	Tacky
063	017	008	Ragtime
063	017	009	Agresive
063	017	010	HousePno
063	017	011	OldBlues
063	017	012	1968 Pno
063	017	013	MonoComp
063	017	014	78rpmPno
063	017	015	BaladKey
063	017	016	80sLayer
063	017	017	BladStak
063	017	018	Pno Back
063	017	019	Pno&Str
063	017	020	Pno&Ooh
063	017	021	Digi.Grd
063	017	022	HardCP80
063	017	023	CP80&EP
063	017	024	YamaEP’s
063	017	025	DynoStrt
063	017	026	ChrsDyno
063	017	027	ChrsHard
063	017	028	80th Bst
063	017	029	R&B Soft
063	017	030	Neo Soul
063	017	031	HrdVintg
063	017	032	PhaseVin
063	017	033	1983
063	017	034	SoftCase
063	017	035	Early70s
063	017	036	Vintg’74
063	017	037	Sweetnes
063	017	038	VintgFas
063	017	039	Max Tine
063	017	040	EarlyFsn
063	017	041	VintgCas
063	017	042	Contempo
063	017	043	Mr.Klank
063	017	044	E.PnoPad
063	017	045	BelChors
063	017	046	FM E.Pno
063	017	047	BalladEP
063	017	048	SparkTne
063	017	049	TX802
063	017	050	Bell DX
063	017	051	Dark DX
063	017	052	BeautyDX
063	017	053	GS Tines
063	017	054	Anal.Pno
063	017	055	AhrAml
063	017	056	Tine EP
063	017	057	Anal.EP
063	017	058	WurlTrem
063	017	059	WurliAmp
063	017	060	Wurlix
063	017	061	VintgClv
063	017	062	SuperClv
063	017	063	St.Clavi
063	017	064	HollwClv
063	017	065	NuPhasin
063	017	066	PulseClv
063	017	067	TouchClv
063	017	068	Marimbl1
063	017	069	Marimbl2
063	017	070	Kalimbel
063	017	071	Tibetan
063	017	072	Gamelan
063	017	073	HandBell
063	017	074	VbrBowMW
063	017	075	MetlFish
063	017	076	BazrBels
063	017	077	MstcBowl
063	017	078	Twinkle
063	017	079	StickBel
063	017	080	IceBells
063	017	081	ChorsBel
063	017	082	Bell Ice
063	017	083	StackBel
063	017	084	BelChiff
063	017	085	NiceBell
063	017	086	NoisyBel
063	017	087	SakoBell
063	017	088	J-Pop
063	017	089	SynStlDr
063	017	090	ToyPiano
063	017	091	WoodBell
063	017	092	IslndBel
063	017	093	Log&Drum
063	017	094	TmpBlGlk
063	017	095	VelOrPrc
063	017	096	PetitOrg
063	017	097	Imprompt
063	017	098	MixtureO
063	017	099	St. Paul
063	017	100	FlutyPpe
063	017	101	St.Peter
063	017	102	CleanOrg
063	017	103	ReedSplt
063	017	104	TradiOrg
063	017	105	SundayOr
063	017	106	BrthPipe
063	017	107	ReedPipe
063	017	108	Medieval
063	017	109	PreludeO
063	017	110	OohPipes
063	017	111	GreenTea
063	017	112	BassWalk
063	017	113	AmpedOrg
063	017	114	VintageC
063	017	115	Dave’s B
063	017	116	2nd Perc
063	017	117	1685&13
063	017	118	JazzyOr1
063	017	119	JazzyOr2
063	017	120	GlassyOr
063	017	121	Slow Jam
063	017	122	GreasyOr
063	017	123	SwishieO
063	017	124	Ful/Cvib
063	017	125	MellowPp
063	017	126	Nu Shade
063	017	127	Cool Cat
063	018	000	FluteyOr
063	018	001	LeftMnl.
063	018	002	DrawCtrl
063	018	003	GospSplt
063	018	004	SoulemnO
063	018	005	FullyOrg
063	018	006	Progress
063	018	007	CrunchyO
063	018	008	RockyOrg
063	018	009	DistFull
063	018	010	EarlyBrd
063	018	011	AnaDrwOr
063	018	012	TinyOrgn
063	018	013	PaddyOrg
063	018	014	MellowOr
063	018	015	RezDrwOr
063	018	016	OrganPad
063	018	017	PantherO
063	018	018	SawCombo
063	018	019	1967Keys
063	018	020	YD-45C
063	018	021	CompactO
063	018	022	Espa.Gtr
063	018	023	Nyln+Hrm
063	018	024	SimpStlG
063	018	025	StlCmprG
063	018	026	MuteSliG
063	018	027	Ac&HrmGt
063	018	028	StlSwtch
063	018	029	MegaStlG
063	018	030	2StlStrs
063	018	031	12StrGtr
063	018	032	12StrGMn
063	018	033	Mega12St
063	018	034	El 12Str
063	018	035	Strnge12
063	018	036	Clean&Ac
063	018	037	JazzyPik
063	018	038	JazGtMel
063	018	039	VeloJazz
063	018	040	2CoilAm1
063	018	041	2CoilAm2
063	018	042	60sCln1
063	018	043	60sCln2
063	018	044	ClnSlapG
063	018	045	DistantG
063	018	046	SomeHair
063	018	047	Mid.Trem
063	018	048	CmpDream
063	018	049	Roto Gtr
063	018	050	AltRockr
063	018	051	Spanky
063	018	052	VinStrum
063	018	053	1CoilChr
063	018	054	Vin.Trem
063	018	055	HitItHrd
063	018	056	PaddyCln
063	018	057	Policia
063	018	058	Rokabily
063	018	059	RotatrGt
063	018	060	Baby Gtr
063	018	061	TouchWah
063	018	062	MegaClnG
063	018	063	OvrDrivn
063	018	064	TexBoogy
063	018	065	Dyna.Amp
063	018	066	DriveGtr
063	018	067	SnekFngr
063	018	068	Feedbker
063	018	069	KilrWhmy
063	018	070	Vuduman
063	018	071	CrunchyG
063	018	072	SmallAmp
063	018	073	LatnLuvr
063	018	074	StillBlu
063	018	075	59 Combo
063	018	076	BlueLead
063	018	077	Chugga
063	018	078	MetlMute
063	018	079	OvrDaTop
063	018	080	Beater
063	018	081	MegaOvDv
063	018	082	MegaDstG
063	018	083	UprghtBs
063	018	084	GroovinB
063	018	085	VelGrowl
063	018	086	MegaAcBs
063	018	087	FngrPkBs
063	018	088	PrecFW
063	018	089	RndWound
063	018	090	ActivePk
063	018	091	FretBuzz
063	018	092	3SixtyBa
063	018	093	S-VeeTee
063	018	094	GnarlyBa
063	018	095	ReggaeBa
063	018	096	BaCement
063	018	097	MidRFngr
063	018	098	HybrdBs1
063	018	099	HybrdBs2
063	018	100	PrecAmpd
063	018	101	FngBsAmp
063	018	102	PkBsFgDs
063	018	103	FuzzBass
063	018	104	MegaFgHm
063	018	105	VeloBass
063	018	106	SlpSwtch
063	018	107	MegaFngr
063	018	108	MegaSlap
063	018	109	Chilli
063	018	110	PickOpen
063	018	111	PickPull
063	018	112	PkMuteDr
063	018	113	NewPikBs
063	018	114	MegaPkBs
063	018	115	FrtlsDry
063	018	116	FrtlSolo
063	018	117	MegaFrtl
063	018	118	Violin 1
063	018	119	Violin 2
063	018	120	Fiddler
063	018	121	Viola 1
063	018	122	Viola 2
063	018	123	Cello 1
063	018	124	Cello 2
063	018	125	SoloStr1
063	018	126	SoloStr2
063	018	127	SolSpict
063	019	000	Contraba
063	019	001	2Violins
063	019	002	2 Violas
063	019	003	2 Cellos
063	019	004	Cel.Duet
063	019	005	2SoloStr
063	019	006	CelloEns
063	019	007	ViolaEns
063	019	008	ViolnEns
063	019	009	CtrbSect
063	019	010	SmolSec1
063	019	011	SmolSec2
063	019	012	MediumEn
063	019	013	ViolnMix
063	019	014	SpicLine
063	019	015	Hard Bow
063	019	016	BkGround
063	019	017	Hophead
063	019	018	Hole Str
063	019	019	Ens Mix
063	019	020	Hard Ens
063	019	021	Velo Str
063	019	022	Big Strs
063	019	023	Lush
063	019	024	MutedSec
063	019	025	BigSymph
063	019	026	38veLush
063	019	027	38veHard
063	019	028	BeautyHp
063	019	029	Ste.Harp
063	019	030	Pizz.Ens
063	019	031	PizzSect
063	019	032	Oct.Pizz
063	019	033	Orch.Pl
063	019	034	PWM Strs
063	019	035	LightPad
063	019	036	NoblePad
063	019	037	Romantic
063	019	038	Stringy
063	019	039	MournStr
063	019	040	JP Strs
063	019	041	3OscVntg
063	019	042	SuperStr
063	019	043	VP Soft
063	019	044	PWMSimpl
063	019	045	DblChors
063	019	046	Old Str
063	019	047	PhaseStr
063	019	048	Oct Str
063	019	049	3 Octave
063	019	050	SS-40
063	019	051	Tape Str
063	019	052	Trp Love
063	019	053	PiccoTrp
063	019	054	Dyno.Trp
063	019	055	SftJazTp
063	019	056	BaroqTrp
063	019	057	PhsMuted
063	019	058	Legend
063	019	059	2 Trmpts
063	019	060	Fluegel
063	019	061	JazyFlgl
063	019	062	Trombone
063	019	063	BlownBon
063	019	064	BoneSect
063	019	065	FrchHorn
063	019	066	FrHrSect
063	019	067	BigFrHrn
063	019	068	FilmHorn
063	019	069	Symphnc
063	019	070	SymphoBr
063	019	071	SymphBrs
063	019	072	SlowAttk
063	019	073	SftVelBr
063	019	074	Soft Brs
063	019	075	Velo Brs
063	019	076	SmlBrSec
063	019	077	Fanfare
063	019	078	BigBrite
063	019	079	PowerSec
063	019	080	VeloFall
063	019	081	StbDance
063	019	082	MonoSect
063	019	083	SforzBrs
063	019	084	BigBand1
063	019	085	BigBand2
063	019	086	SxBigBnd
063	019	087	HybridBr
063	019	088	HybrdSec
063	019	089	VelSynBr
063	019	090	CS-90
063	019	091	FM Brass
063	019	092	Thinth
063	019	093	QuietBrs
063	019	094	Big Syn
063	019	095	ObStuff
063	019	096	OberBras
063	019	097	OberHrns
063	019	098	Ob Soft
063	019	099	T Brass
063	019	100	BigSqish
063	019	101	Slow PWM
063	019	102	Soft 5th
063	019	103	Timeless
063	019	104	After’84
063	019	105	Prophy
063	019	106	Kustom
063	019	107	SoprnoSx
063	019	108	SprnoSft
063	019	109	Alto Vib
063	019	110	VeloAlto
063	019	111	TenrSoft
063	019	112	Tenor Sx
063	019	113	Hip Bari
063	019	114	4 Bros
063	019	115	Swt Oboe
063	019	116	SmthOboe
063	019	117	BassnVib
063	019	118	Clarinet
063	019	119	WW Trio
063	019	120	DblRdQrt
063	019	121	C Flute
063	019	122	SwtFlute
063	019	123	IrishPpe
063	019	124	BluzDist
063	019	125	Campfire
063	019	126	TootsHrp
063	019	127	WoodyHrp
063	020	000	Santur
063	020	001	Baglama
063	020	002	Kotoun
063	020	003	Kanun
063	020	004	Bazouk
063	020	005	Bouzuki
063	020	006	Oud
063	020	007	IndiaFli
063	020	008	WhereAmI
063	020	009	Sakura
063	020	010	NomadGtr
063	020	011	Ney
063	020	012	Kawala
063	020	013	Shukran
063	020	014	Zurna
063	020	015	Pungi
063	020	016	Shehnai
063	020	017	Digidoo
063	020	018	Gagaku
063	020	019	Kodo
063	020	020	Djerimbe
063	020	021	Mbira
063	020	022	Tabla
063	020	023	Tabla 2
063	020	024	TblaZone
063	020	025	Udu
063	020	026	Djembe
063	020	027	Dhol
063	020	028	Kemence
063	020	029	KemenWet
063	020	030	Kokyu
063	020	031	Yayli
063	020	032	ChrchOoh
063	020	033	BriteHah
063	020	034	Ooh-Aah
063	020	035	PeaceVox
063	020	036	GlsChoir
063	020	037	AquaStop
063	020	038	Talk Box
063	020	039	Paradies
063	020	040	Westerly
063	020	041	TibetEns
063	020	042	Pan Sphr
063	020	043	Atlantis
063	020	044	AnalogT
063	020	045	MelAnal.
063	020	046	Square
063	020	047	PWM Soft
063	020	048	TheSynth
063	020	049	BrsMover
063	020	050	DrkLight
063	020	051	FatEight
063	020	052	SmthBlue
063	020	053	FazerPad
063	020	054	FrozenVx
063	020	055	Eclipse
063	020	056	Arclight
063	020	057	SilvLake
063	020	058	FrozenPd
063	020	059	Shine On
063	020	060	Whisperr
063	020	061	Mini 3
063	020	062	VintgSaw
063	020	063	BriteSaw
063	020	064	DuckLead
063	020	065	Feeling
063	020	066	Crying
063	020	067	ThinkSnc
063	020	068	Lucky
063	020	069	PlsWound
063	020	070	PWM Lead
063	020	071	RapLead1
063	020	072	RapLead2
063	020	073	Soft RnB
063	020	074	SingleLn
063	020	075	IndaNite
063	020	076	SimpleBa
063	020	077	Fat Sine
063	020	078	OneVoice
063	020	079	Fundmntl
063	020	080	BalladBa
063	020	081	SimplRez
063	020	082	Unison
063	020	083	MoonBass
063	020	084	Sweeper
063	020	085	Boogie 1
063	020	086	Sweeper
063	020	087	Boogie 2
063	020	088	Clickie
063	020	089	KickBass
063	020	090	MiniClas
063	020	091	Wazzo
063	020	092	Lazerzz
063	020	093	The Gate
063	020	094	Insanity
063	020	095	NeverRpt
063	020	096	StoneArp
063	020	097	HellFire
063	020	098	Omniflow
063	020	099	Flutter
063	020	100	Chromsme
063	020	101	Cwncarn
063	020	102	Alioth
063	020	103	ChinaBrd
063	020	104	Missing
063	020	105	Glacy
063	020	106	OrchHits
063	020	107	80’s Hit
063	020	108	Chaser
063	020	109	CsmcRain
063	020	110	Mckinley
063	020	111	GlasTube
063	020	112	QwikPnch
063	020	113	BigComp
063	020	114	NoizRezz
063	020	115	Wobbly
063	020	116	Str.Bell
063	020	117	Nightfal
063	020	118	Antares
063	020	119	AiryNyln
063	020	120	GX1
063	020	121	PWM Perc
063	020	122	Ore-Tech
063	020	123	PluckBel
063	020	124	Vanilla
063	020	125	Seraphim
063	020	126	NoiseBas
063	020	127	LostRing
063	021	000	Unplgged
063	021	001	Folk Gtr
063	021	002	Str12Str
063	021	003	ThinPick
063	021	004	ThikStrm
063	021	005	LazyChor
063	021	006	LatinJam
063	021	007	Slippery
063	021	008	NylonArp
063	021	009	Wakawaka
063	021	010	TouchFnk
063	021	011	FunkStar
063	021	012	CleanFnk
063	021	013	RiffRock
063	021	014	DistLick
063	021	015	VintgAmp
063	021	016	RokBakin
063	021	017	Wah Lead
063	021	018	OvrTopAr
063	021	019	1stJazBa
063	021	020	GroovArp
063	021	021	FunkFngr
063	021	022	Bsmn12/8
063	021	023	Slapper
063	021	024	NoFrettn
063	021	025	PickedBa
063	021	026	BuzzyPik
063	021	027	MellowBa
063	021	028	FngrComp
063	021	029	Salsalic
063	021	030	Montuno
063	021	031	MuteyArp
063	021	032	1FngrRok
063	021	033	ClubBakn
063	021	034	VintgArp
063	021	035	ArpClavi
063	021	036	HouseOrg
063	021	037	BaliBell
063	021	038	BellShop
063	021	039	Str Part
063	021	040	TheSneak
063	021	041	Pizz.Arp
063	021	042	Harp Arp
063	021	043	HevnSent
063	021	044	Qut.Orch
063	021	045	FunkBros
063	021	046	Fall Arp
063	021	047	VelFlute
063	021	048	OrcDrumr
063	021	049	BaglmArp
063	021	050	Karbala1
063	021	051	Karbala2
063	021	052	Ney Arp
063	021	053	Sunny
063	021	054	Afro
063	021	055	Ethnolgy
063	021	056	FnkDelhi
063	021	057	FX Jam
063	021	058	Rap Top
063	021	059	MouthSht
063	021	060	R&B Solo
063	021	061	Kick Off
063	021	062	Embassy
063	021	063	Mocha
063	021	064	Safari
063	021	065	PunchSaw
063	021	066	MrGroovy
063	021	067	StarDrop
063	021	068	SyncArp1
063	021	069	Madhouse
063	021	070	CompinPd
063	021	071	80’s Ens
063	021	072	Tribal
063	021	073	SyncArp2
063	021	074	Orongo
063	021	075	Chinese
063	021	076	Neptune
063	021	077	Magician
063	021	078	BasicArp
063	021	079	Soundwrk
063	021	080	4Bertje
063	021	081	AN Arp
063	021	082	Particle
063	021	083	FuzzMorf
063	021	084	LighTek
063	021	085	CremCafe
063	021	086	Tangerin
063	021	087	Chocolat
063	021	088	Sushima
063	021	089	Metaloop
063	021	090	Teknokrt
063	021	091	Hi2Lo MW
063	021	092	Engineer
063	021	093	GhnaRain
063	021	094	Seq. Pad
063	021	095	Creamy
063	021	096	Waterprf
063	021	097	RingBell
063	021	098	SpctrArp
063	021	099	Hunter
063	021	100	Himalaya
063	021	101	Bass&Pad
063	021	102	MultiMod
063	021	103	Surprise
063	021	104	QuoVadis
063	021	105	MetalArp
063	021	106	DreamOfU
063	021	107	Transmit
063	021	108	Zynitas
063	021	109	Pistchio
063	021	110	X-Wave
063	021	111	Cherry
063	021	112	ElecDrum
063	021	113	SimpSize
063	021	114	Str8ter
063	021	115	BologPls
063	021	116	Strawbry
063	021	117	NeonSoda
063	021	118	Magnetic
063	021	119	ElcMusic
063	021	120	ChillOut
063	021	121	InMyHead
063	021	122	Racer
063	021	123	Jitter
063	021	124	Sand ES
063	021	125	VSE Seq
063	021	126	Dawn
063	021	127	LxAetrna
063	022	000	NaturalS
063	022	001	ChorDyno
063	022	002	SuperClv
063	022	003	St. Paul
063	022	004	Slippery
063	022	005	1stJazBa
063	022	006	Violin 2
063	022	007	SftJazTp
063	022	008	BaglmArp
063	022	009	Salsalic
063	022	010	SprnoSft
063	022	011	Mini3 Ld
063	022	012	ChrchOoh
063	022	013	Cwncarn
063	022	014	Lazerzz
063	022	015	Mocha
063	022	016	ElegantS
063	022	017	R&B Soft
063	022	018	NuPhasin
063	022	019	SundayOr
063	022	020	Nyln+Hrm
063	022	021	GroovArp
063	022	022	SolSpict
063	022	023	Trombone
063	022	024	Santur
063	022	025	1FngrRok
063	022	026	Alto Vib
063	022	027	VintgSaw
063	022	028	Talk Box
063	022	029	HellFire
063	022	030	Racer
063	022	031	80’s Ens
063	022	032	Bright S
063	022	033	Vintg’74
063	022	034	TouchClv
063	022	035	ReedPipe
063	022	036	ThinPick
063	022	037	FunkFngr
063	022	038	SmolSec1
063	022	039	FrHrSect
063	022	040	Karbala1
063	022	041	TheSneak
063	022	042	TenrSoft
063	022	043	ThinkSnc
063	022	044	Paradies
063	022	045	Alioth
063	022	046	The Gate
063	022	047	Engineer
063	022	048	FulGrand
063	022	049	Sweetnes
063	022	050	Twinkle
063	022	051	AmpedOrg
063	022	052	JazGtMel
063	022	053	Slapper
063	022	054	MediumEn
063	022	055	SymphoBr
063	022	056	Baglama
063	022	057	HevnSent
063	022	058	Hip Bari
063	022	059	PlsWound
063	022	060	AnalogPd
063	022	061	Glacy
063	022	062	Insanity
063	022	063	Bass&Pad
063	022	064	Tacky
063	022	065	E.PnoPad
063	022	066	StackBel
063	022	067	VintageC
063	022	068	Wakawaka
063	022	069	Fat Sine
063	022	070	BigSymph
063	022	071	PowerSec
063	022	072	Karbala2
063	022	073	Qut.Orch
063	022	074	SwtFlute
063	022	075	RapLead1
063	022	076	FatEight
063	022	077	CsmcRain
063	022	078	NeverRpt
063	022	079	SimpSize
063	022	080	1968 Pno
063	022	081	Bell DX
063	022	082	NoizRezz
063	022	083	Cool Cat
063	022	084	2CoilAm1
063	022	085	SimplRez
063	022	086	BeautyHp
063	022	087	VeloFall
063	022	088	Kanun
063	022	089	FunkBros
063	022	090	Swt Oboe
063	022	091	Soft RnB
063	022	092	FazerPad
063	022	093	Mckinley
063	022	094	StoneArp
063	022	095	BologPls
063	022	096	80sLayer
063	022	097	AnalogEP
063	022	098	GX1
063	022	099	DistFull
063	022	100	DistLick
063	022	101	Boogie 1
063	022	102	PizzSect
063	022	103	BigBand2
063	022	104	Ney Arp
063	022	105	VelFlute
063	022	106	BassnVib
063	022	107	IndaNite
063	022	108	SilvLake
063	022	109	GlasTube
063	022	110	InMyHead
063	022	111	ElecDrum
063	022	112	Pno&Str
063	022	113	WurliAmp
063	022	114	PluckBel
063	022	115	CompactO
063	022	116	OvrDaTop
063	022	117	KickBass
063	022	118	VP Soft
063	022	119	HybridBr
063	022	120	Shukran
063	022	121	OrcDrumr
063	022	122	IrishPpe
063	022	123	R&B Solo
063	022	124	Whisperr
063	022	125	Magnetic
063	022	126	Sand ES
063	022	127	Dawn
063	023	000	HyperStd
063	023	001	DryStdKt
063	023	002	New Rock
063	023	003	RockStK1
063	023	004	RockStK2
063	023	005	RkMono1
063	023	006	RkMono2
063	023	007	HipHpKt1
063	023	008	HipHpKt2
063	023	009	HipHpKt3
063	023	010	HipHpKt4
063	023	011	HipHpKt5
063	023	012	HipHpKt6
063	023	013	HpStkKt1
063	023	014	HpStkKt2
063	023	015	HpStkKt3
063	023	016	HpStkKt4
063	023	017	T9HpKt1
063	023	018	T9HpKt2
063	023	019	R&B Kit1
063	023	020	R&B Kit2
063	023	021	R&B Kit3
063	023	022	AnalogT9
063	023	023	AnalogT8
063	023	024	TechnoKt
063	023	025	HouseKt1
063	023	026	HouseKt2
063	023	027	Big Kit
063	023	028	BreakKit
063	023	029	Drm&Bass
063	023	030	Acid Kit
063	023	031	JungleKt
063	023	032	Electric
063	023	033	HoomanKt
063	023	034	Hard Kit
063	023	035	Dist.Kit
063	023	036	Ambient
063	023	037	Jazz Kit
063	023	038	Orch.Kit
063	023	039	GarageKt
063	023	040	AllRndKt
063	023	041	RokMulti
063	023	042	HipMulti
063	023	043	Perc Kit
063	023	044	LatnPerc
063	023	045	Gtr/BsFx
063	023	046	WackoKit
063	023	047	WoodBits
063	023	048	MetalBit
063	023	049	HandsKit
063	023	050	ScrtchKt
063	023	051	AcsSnare
063	023	052	StSnares
063	023	053	AllKicks
063	023	054	DanceKik
063	023	055	EzSnares
063	023	056	CubanKit
063	023	057	SynPopKt
063	023	058	ArabMxKt
063	023	059	BlyDance
063	023	060	DanceSnr
063	023	061	Spec.SFX
063	023	062	SynthSFX
063	023	063	SFX Kit
063	024	000	UserKit1
063	024	001	UserKit2
063	024	002	UserKit3
063	024	003	UserKit4
063	024	004	UserKit5
063	024	005	UserKit6
063	024	006	UserKit7
063	024	007	UserKit8
063	024	008	UserKit9
063	024	009	UserKt10
063	024	010	UserKt11
063	024	011	UserKt12
063	024	012	UserKt13
063	024	013	UserKt14
063	024	014	UserKt15
063	024	015	UserKt16
063	024	016	UserKt17
063	024	017	UserKt18
063	024	018	UserKt19
063	024	019	UserKt20
063	024	020	UserKt21
063	024	021	UserKt22
063	024	022	UserKt23
063	024	023	UserKt24
063	024	024	UserKt25
063	024	025	UserKt26
063	024	026	UserKt27
063	024	027	UserKt28
063	024	028	UserKt29
063	024	029	UserKt30
063	024	030	UserKt31
063	024	031	UserKt32
063	028	000	FulGrand
063	028	028	R&B Soft
063	028	075	BazrBels
063	029	021	Espa.Gtr
063	029	028	MegaStlG
063	029	032	Mega12St
063	029	039	2CoilAm1
063	029	040	2CoilAm2
063	029	049	AltRockr
063	029	058	RotatrGt
063	029	059	Baby Gtr
063	029	061	MegaClnG
063	029	062	OvrDrivn
063	029	074	59 Combo
063	029	078	OvrDaTop
063	029	079	Beater
063	029	093	GnarlyBa
063	029	116	MegaFrtl
063	030	016	PizzSect
063	030	027	BeautyHp
063	030	052	SlwSuckr
063	030	063	Trombone
063	030	079	BigBrtBr
063	030	081	VeloFall
063	031	004	Kotoun
063	031	014	NomadGtr
063	031	016	Kawala
063	031	017	Shukran
063	031	027	Tabla
063	031	061	BackPdMW
063	031	098	Whisperr
063	032	006	Dark Uni
063	032	014	BobbyBas
062	032	016	Mini Sub
063	032	017	Fundmntl
063	032	020	SinglOsc
063	032	068	HellFire
063	032	105	Talker
063	032	122	PWM Perc
063	033	002	British
063	033	003	Wave Pan
063	033	010	TrncHook
063	033	012	MaydayLd
063	033	027	TrncMelo
063	033	031	BassPedl
063	033	037	DoomBass
063	033	040	TranceBa
063	033	042	DeepPtBa
063	033	050	Dirtbox
063	033	052	ProtoTpe
063	033	056	AmbiBite
063	033	077	ShneChrd
063	033	088	FourSkid
063	033	107	PolyTrnc
063	033	124	MyRealty